feature,importance
cluster_density,0.030648409719188252
topic_publication_growth,0.02477581826910641
topic_local_share,0.022380666900928492
author_growth_rate,0.020102347880989913
topic_domain_rarity,0.01737567968274384
historical_author_share,0.016125481661734442
topic_growth_acceleration,0.01332542633193895
topic_historical_share,0.010622984181271278
author_growth_acceleration,0.010503222751755137
topic_source_diversity,0.00439039696143273
ppmi_domain_score,0.003919128243900782
domain_history_count,0.0036128256029164807
topic_age_years,0.0007137308387854535
reference_count,0.0006862445945771123
nearest_topic_similarity,0.0005822244467035831
topic_domain_age_years,0.0004877474377750768
source_history_count,-0.0001609190749242706
