feature,mean_abs_shap
topic_local_share,1.2011926
topic_domain_rarity,1.0245683
topic_publication_growth,0.4440211
author_growth_rate,0.43340397
topic_historical_share,0.29480845
topic_source_diversity,0.2851948
cluster_density,0.27956173
topic_growth_acceleration,0.26896673
author_growth_acceleration,0.26524815
domain_history_count,0.24271086
historical_author_share,0.19958013
ppmi_domain_score,0.1415149
source_history_count,0.08091137
reference_count,0.060956147
nearest_topic_similarity,0.05726029
topic_age_years,0.048166063
topic_domain_age_years,0.035571616
